slope_values,tau_b_mean
0.0,0.032906183140057776
0.5,0.04958231705776323
1.0,0.08168046424904142
1.5,0.08364133503379381
2.0,0.08479558639472295
2.5,0.08667543356036882
3.0,0.08937588511058449
3.5,0.09129362477989747
4.0,0.09251931414121752
4.5,0.09386153810516772
5.0,0.09494243377395324
5.5,0.0960104903411071
6.0,0.09730691648551716
6.5,0.0981296569343518
7.0,0.098501319159947
7.5,0.09896864490177829
8.0,0.09946328077304994
8.5,0.09962548121865628
9.0,0.09955531641759666
9.5,0.09958469840553588
10.0,0.10011755498869215
10.5,0.10058381842351118
11.0,0.100596032023945
11.5,0.10030140355625444
12.0,0.10069915768637273
12.5,0.10134328669136541
13.0,0.10152932026130314
13.5,0.10191264547570142
14.0,0.10236342742082206
14.5,0.10257315430734877
15.0,0.10278241282415924
15.5,0.10307137901782688
16.0,0.10338684661011963
16.5,0.10398571634437807
17.0,0.10454290614810063
17.5,0.10460813676891872
18.0,0.10490993466187229
18.5,0.10556699552369071
19.0,0.10525252573399045
19.5,0.104674573661765
20.0,0.1051157815307687
20.5,0.10611914196298781
21.0,0.1066545466821703
21.5,0.10668462130993268
22.0,0.10668137935537825
22.5,0.10648628498443924
23.0,0.10639064163550031
23.5,0.10652366500526954
24.0,0.10688805317242715
24.5,0.10673365138760824
25.0,0.10625075500956345
25.5,0.10633879169591977
26.0,0.10618094795390699
26.5,0.1056432143453383
27.0,0.10611034049309054
27.5,0.10919688635170229
28.0,0.10926833216058204
28.5,0.10668592119843795
29.0,0.10677826358560563
29.5,0.10645169124382217
30.0,0.10563173013998883
30.5,0.10592809303705608
31.0,0.10583166042522693
31.5,0.1045968710307241
32.0,0.10491528800439409
32.5,0.10636793499281713
33.0,0.10704529749927952
33.5,0.1070854405063147
34.0,0.10873625523833674
34.5,0.10910268937781303
35.0,0.10600497480812637
35.5,0.10312416191975898
36.0,0.10203591130310868
36.5,0.10146434592963063
37.0,0.10093317379255837
37.5,0.10110355627799525
38.0,0.10085107540754802
38.5,0.10035418281853888
39.0,0.09840775622028775
39.5,0.09913711071603182
40.0,0.10154897609045639
